Workbook

Sheet SUMMARY
A1: Component | B1: Hostname | C1: CPU (%) | D1: Memory (%) | G1: HIGHEST UTILIZATION
A2: Redpanda Node | B2: TREMAPPLRPD017 | C2: =VLOOKUP(B2,'input data'!$A$1:$C$108,2,FALSE) -> 7.3 | D2: =VLOOKUP(B2,'input data'!$A$1:$C$108,3,FALSE) -> 35.14 | G2: CPU | H2: =INDEX(A2:A17,MATCH(J2,C2:C17,0)) -> Redis Node | I2: =INDEX(B2:B17,MATCH(J2,C2:C17,0)) -> TREMAPPLRDS029 | J2: =MAX(C2:C17) -> 25.79
A3: Redpanda Node | B3: TREMAPPLRPD018 | C3: =VLOOKUP(B3,'input data'!$A$1:$C$108,2,FALSE) -> 6.15 | D3: =VLOOKUP(B3,'input data'!$A$1:$C$108,3,FALSE) -> 35.06 | G3: MEMORY | H3: =INDEX(A2:A17,MATCH(J3,D2:D17,0)) -> Elasticsearch Node | I3: =INDEX(B2:B17,MATCH(J3,D2:D17,0)) -> TREMAPPLELC035 | J3: =MAX(D2:D17) -> 54.48
A4: Redpanda Node | B4: TREMAPPLRPD019 | C4: =VLOOKUP(B4,'input data'!$A$1:$C$108,2,FALSE) -> 7.03 | D4: =VLOOKUP(B4,'input data'!$A$1:$C$108,3,FALSE) -> 34.9
A5: OUCH Node (future) | B5: TREMAPPLOCH020 | C5: =VLOOKUP(B5,'input data'!$A$1:$C$108,2,FALSE) -> 2.91 | D5: =VLOOKUP(B5,'input data'!$A$1:$C$108,3,FALSE) -> 10.03 | G5: Component | H5: CPU | I5: Hostname | J5: Memory | K5: Hostname
A6: ITCH Node | B6: TREMAPPLICH021 | C6: =VLOOKUP(B6,'input data'!$A$1:$C$108,2,FALSE) -> 0.4 | D6: =VLOOKUP(B6,'input data'!$A$1:$C$108,3,FALSE) -> 9.71 | G6: Redpanda Node | H6: =MAX(C2:C4) -> 7.3 | I6: =INDEX(B2:B4,MATCH(H6,C2:C4,0)) -> TREMAPPLRPD017 | J6: =MAX(D2:D4) -> 35.14 | K6: =INDEX(B2:B4,MATCH(J6,D2:D4,0)) -> TREMAPPLRPD017
A7: ORACLEDB Node | B7: TREMAPPLORA022 | C7: =VLOOKUP(B7,'input data'!$A$1:$C$108,2,FALSE) -> 3.1 | D7: =VLOOKUP(B7,'input data'!$A$1:$C$108,3,FALSE) -> 42.43 | G7: OUCH Node (future) | H7: =MAX(C5) -> 2.91 | I7: =INDEX(B5,MATCH(H7,C5,0)) -> TREMAPPLOCH020 | J7: =MAX(D5) -> 10.03 | K7: =INDEX(B5,MATCH(J7,D5,0)) -> TREMAPPLOCH020
A8: ORACLEDB Node | B8: TREMAPPLORA023 | C8: =VLOOKUP(B8,'input data'!$A$1:$C$108,2,FALSE) -> 2.65 | D8: =VLOOKUP(B8,'input data'!$A$1:$C$108,3,FALSE) -> 37.7 | G8: ITCH Node | H8: =MAX(C6) -> 0.4 | I8: =INDEX(B6,MATCH(H8,C6,0)) -> TREMAPPLICH021 | J8: =MAX(D6) -> 9.71 | K8: =INDEX(B6,MATCH(J8,D6,0)) -> TREMAPPLICH021
A9: EDB PostgreSQL Node | B9: TREMAPPLEDB027 | C9: =VLOOKUP(B9,'input data'!$A$1:$C$108,2,FALSE) -> 10.14 | D9: =VLOOKUP(B9,'input data'!$A$1:$C$108,3,FALSE) -> 15.25 | G9: Elasticsearch Node | H9: =MAX(C14:C16) -> 1.79 | I9: =INDEX(B14:B16,MATCH(H9,C14:C16,0)) -> TREMAPPLELC035 | J9: =MAX(D14:D16) -> 54.48 | K9: =INDEX(B14:B16,MATCH(J9,D14:D16,0)) -> TREMAPPLELC035
A10: EDB PostgreSQL Node | B10: TREMAPPLEDB028 | C10: =VLOOKUP(B10,'input data'!$A$1:$C$108,2,FALSE) -> 4.27 | D10: =VLOOKUP(B10,'input data'!$A$1:$C$108,3,FALSE) -> 35.86 | G10: EDB PostgreSQL Node | H10: =MAX(C9:C10) -> 10.14 | I10: =INDEX(B9:B10,MATCH(H10,C9:C10,0)) -> TREMAPPLEDB027 | J10: =MAX(D9:D10) -> 35.86 | K10: =INDEX(B9:B10,MATCH(J10,D9:D10,0)) -> TREMAPPLEDB028
A11: Redis Node | B11: TREMAPPLRDS029 | C11: =VLOOKUP(B11,'input data'!$A$1:$C$108,2,FALSE) -> 25.79 | D11: =VLOOKUP(B11,'input data'!$A$1:$C$108,3,FALSE) -> 50.79 | G11: Redis Node | H11: =MAX(C11:C13) -> 25.79 | I11: =INDEX(B11:B13,MATCH(H11,C11:C13,0)) -> TREMAPPLRDS029 | J11: =MAX(D11:D13) -> 50.79 | K11: =INDEX(B11:B13,MATCH(J11,D11:D13,0)) -> TREMAPPLRDS029
A12: Redis Node | B12: TREMAPPLRDS030 | C12: =VLOOKUP(B12,'input data'!$A$1:$C$108,2,FALSE) -> 3.6 | D12: =VLOOKUP(B12,'input data'!$A$1:$C$108,3,FALSE) -> 19.33 | G12: Growin Auth Service | H12: =MAX(C17:C17) -> 20.56 | I12: =INDEX(B17:B17,MATCH(H12,C17:C17,0)) -> growin-authservice-pt | J12: =MAX(D17:D17) -> 14.99 | K12: =INDEX(B17:B17,MATCH(J12,D17:D17,0)) -> growin-authservice-pt
A13: Redis Node | B13: TREMAPPLRDS031 | C13: =VLOOKUP(B13,'input data'!$A$1:$C$108,2,FALSE) -> 2.97 | D13: =VLOOKUP(B13,'input data'!$A$1:$C$108,3,FALSE) -> 20.58 | G13: HIGEST UTILIZATION | H13: =_xlfn.CONCAT(H2," - ",I2," ",J2,"%") -> Redis Node - TREMAPPLRDS029 25.79% | J13: =_xlfn.CONCAT(H3," - ",I3," ",J3,"%") -> Elasticsearch Node - TREMAPPLELC035 54.48%
A14: Elasticsearch Node | B14: TREMAPPLELC034 | C14: =VLOOKUP(B14,'input data'!$A$1:$C$108,2,FALSE) -> 1.68 | D14: =VLOOKUP(B14,'input data'!$A$1:$C$108,3,FALSE) -> 53.23
A15: Elasticsearch Node | B15: TREMAPPLELC035 | C15: =VLOOKUP(B15,'input data'!$A$1:$C$108,2,FALSE) -> 1.79 | D15: =VLOOKUP(B15,'input data'!$A$1:$C$108,3,FALSE) -> 54.48
A16: Elasticsearch Node | B16: TREMAPPLELC036 | C16: =VLOOKUP(B16,'input data'!$A$1:$C$108,2,FALSE) -> 1.66 | D16: =VLOOKUP(B16,'input data'!$A$1:$C$108,3,FALSE) -> 52.58
A17: Growin Auth Service | B17: growin-authservice-pt | C17: =VLOOKUP(B17,'input data'!$A$1:$C$108,2,FALSE) -> 20.56 | D17: =VLOOKUP(B17,'input data'!$A$1:$C$108,3,FALSE) -> 14.99

Sheet input data
A1: TREMAPPLRPD017 | B1: 7.3 | C1: 35.14
A2: TREMAPPLRPD018 | B2: 6.15 | C2: 35.06
A3: TREMAPPLRPD019 | B3: 7.03 | C3: 34.9
A4: TREMAPPLOCH020 | B4: 2.91 | C4: 10.03
A5: TREMAPPLICH021 | B5: 0.4 | C5: 9.71
A6: TREMAPPLORA022 | B6: 3.1 | C6: 42.43
A7: TREMAPPLORA023 | B7: 2.65 | C7: 37.7
A8: TREMAPPLEDB027 | B8: 10.14 | C8: 15.25
A9: TREMAPPLEDB028 | B9: 4.27 | C9: 35.86
A10: TREMAPPLRDS029 | B10: 25.79 | C10: 50.79
A11: TREMAPPLRDS030 | B11: 3.6 | C11: 19.33
A12: TREMAPPLRDS031 | B12: 2.97 | C12: 20.58
... A20: growin-authservice-pt | B20: 20.56 | C20: 14.99
